,product_name,signal_name,loc_name,loc_lat,loc_lang,loc_zoom,value_mn,value_sd,value_md,value_q1,value_q2,year,month,day,hour,minutes,seconds,value_mn_rescale
0,OMNO2,ColumnAmountNO2TropCloudScreened,milan,45.5,9.1,2,0.2989038825035095,0.19587008655071259,0.24754633009433746,0.1645715907216072,0.3905574530363083,2020,01,01,-1,-1,-1,0.43722505550435775
1,OMNO2,ColumnAmountNO2TropCloudScreened,milan,45.5,9.1,2,0.32714226841926575,0.12261529266834259,0.36313238739967346,0.282457560300827,0.39915555715560913,2020,01,02,-1,-1,-1,0.49119289088566614
2,OMNO2,ColumnAmountNO2TropCloudScreened,milan,45.5,9.1,2,-1.0,-1.0,-1.0,-1.0,-1.0,2020,01,03,-1,-1,-1,-2.045177129812419
3,OMNO2,ColumnAmountNO2TropCloudScreened,milan,45.5,9.1,2,-1.0,-1.0,-1.0,-1.0,-1.0,2020,01,04,-1,-1,-1,-2.045177129812419
4,OMNO2,ColumnAmountNO2TropCloudScreened,milan,45.5,9.1,2,0.2046893835067749,0.08677196502685547,0.20972324907779694,0.14020012319087982,0.2615814208984375,2020,01,05,-1,-1,-1,0.2571668684834353
5,OMNO2,ColumnAmountNO2TropCloudScreened,milan,45.5,9.1,2,-1.0,-1.0,-1.0,-1.0,-1.0,2020,01,06,-1,-1,-1,-2.045177129812419
6,OMNO2,ColumnAmountNO2TropCloudScreened,milan,45.5,9.1,2,0.24068917334079742,0.10199593752622604,0.2595568895339966,0.16037435829639435,0.3366876244544983,2020,01,07,-1,-1,-1,0.3259679230947111
7,OMNO2,ColumnAmountNO2TropCloudScreened,milan,45.5,9.1,2,0.30408376455307007,0.09690111130475998,0.3342500925064087,0.22689421474933624,0.3561508059501648,2020,01,08,-1,-1,-1,0.44712459517986375
8,OMNO2,ColumnAmountNO2TropCloudScreened,milan,45.5,9.1,2,0.3408777415752411,0.13335272669792175,0.32491326332092285,0.25057972967624664,0.43709124624729156,2020,01,09,-1,-1,-1,0.5174434618771352
9,OMNO2,ColumnAmountNO2TropCloudScreened,milan,45.5,9.1,2,0.2842159867286682,0.16959719359874725,0.26734817028045654,0.1366418171674013,0.38905835151672363,2020,01,10,-1,-1,-1,0.40915426053614534
10,OMNO2,ColumnAmountNO2TropCloudScreened,milan,45.5,9.1,2,0.263441264629364,0.11767762154340744,0.26827678084373474,0.15141407400369644,0.3801320493221283,2020,01,11,-1,-1,-1,0.36945061792383516
11,OMNO2,ColumnAmountNO2TropCloudScreened,milan,45.5,9.1,2,0.31806156039237976,0.1533074527978897,0.3243124186992645,0.2007228508591652,0.4600846767425537,2020,01,12,-1,-1,-1,0.4738382815463531
12,OMNO2,ColumnAmountNO2TropCloudScreened,milan,45.5,9.1,2,-1.0,-1.0,-1.0,-1.0,-1.0,2020,01,13,-1,-1,-1,-2.045177129812419
13,OMNO2,ColumnAmountNO2TropCloudScreened,milan,45.5,9.1,2,0.20024047791957855,0.10588295757770538,0.16773931682109833,0.12938697636127472,0.29550090432167053,2020,01,14,-1,-1,-1,0.24866433561653978
14,OMNO2,ColumnAmountNO2TropCloudScreened,milan,45.5,9.1,2,-1.0,-1.0,-1.0,-1.0,-1.0,2020,01,15,-1,-1,-1,-2.045177129812419
15,OMNO2,ColumnAmountNO2TropCloudScreened,milan,45.5,9.1,2,0.3729317784309387,0.21739336848258972,0.36868003010749817,0.17828068137168884,0.5930145382881165,2020,01,16,-1,-1,-1,0.57870358451642
16,OMNO2,ColumnAmountNO2TropCloudScreened,milan,45.5,9.1,2,0.36012566089630127,0.19751094281673431,0.3280993103981018,0.23425621539354324,0.49983586370944977,2020,01,17,-1,-1,-1,0.5542291529733134
17,OMNO2,ColumnAmountNO2TropCloudScreened,milan,45.5,9.1,2,0.20529547333717346,0.07569240033626556,0.18484104424715042,0.16544600948691368,0.2827657610177994,2020,01,18,-1,-1,-1,0.2583251980101588
18,OMNO2,ColumnAmountNO2TropCloudScreened,milan,45.5,9.1,2,0.25557491183280945,0.1526290774345398,0.24562202394008636,0.12397234328091145,0.37712301313877106,2020,01,19,-1,-1,-1,0.3544168254810852
19,OMNO2,ColumnAmountNO2TropCloudScreened,milan,45.5,9.1,2,-1.0,-1.0,-1.0,-1.0,-1.0,2020,01,20,-1,-1,-1,-2.045177129812419
20,OMNO2,ColumnAmountNO2TropCloudScreened,milan,45.5,9.1,2,0.3052748739719391,0.1726372390985489,0.2514342665672302,0.16014018654823303,0.46253468096256256,2020,01,21,-1,-1,-1,0.4494009858075158
21,OMNO2,ColumnAmountNO2TropCloudScreened,milan,45.5,9.1,2,-1.0,-1.0,-1.0,-1.0,-1.0,2020,01,22,-1,-1,-1,-2.045177129812419
22,OMNO2,ColumnAmountNO2TropCloudScreened,milan,45.5,9.1,2,0.504875659942627,0.26623207330703735,0.4694208800792694,0.29786523431539536,0.7098824083805084,2020,01,23,-1,-1,-1,0.8308683399042444
23,OMNO2,ColumnAmountNO2TropCloudScreened,milan,45.5,9.1,2,-1.0,-1.0,-1.0,-1.0,-1.0,2020,01,24,-1,-1,-1,-2.045177129812419
24,OMNO2,ColumnAmountNO2TropCloudScreened,milan,45.5,9.1,2,-1.0,-1.0,-1.0,-1.0,-1.0,2020,01,25,-1,-1,-1,-2.045177129812419
25,OMNO2,ColumnAmountNO2TropCloudScreened,milan,45.5,9.1,2,0.41640886664390564,0.21454855799674988,0.3812154233455658,0.2569287121295929,0.5365515947341919,2020,01,26,-1,-1,-1,0.6617948896121131
26,OMNO2,ColumnAmountNO2TropCloudScreened,milan,45.5,9.1,2,0.24084587395191193,0.08828693628311157,0.29177287220954895,0.16959932446479797,0.30334097146987915,2020,01,27,-1,-1,-1,0.32626740171257573
27,OMNO2,ColumnAmountNO2TropCloudScreened,milan,45.5,9.1,2,-1.0,-1.0,-1.0,-1.0,-1.0,2020,01,28,-1,-1,-1,-2.045177129812419
28,OMNO2,ColumnAmountNO2TropCloudScreened,milan,45.5,9.1,2,-1.0,-1.0,-1.0,-1.0,-1.0,2020,01,29,-1,-1,-1,-2.045177129812419
29,OMNO2,ColumnAmountNO2TropCloudScreened,milan,45.5,9.1,2,0.289597749710083,0.1271081119775772,0.24331945180892944,0.2013751119375229,0.3767067417502403,2020,01,30,-1,-1,-1,0.4194396252701174
30,OMNO2,ColumnAmountNO2TropCloudScreened,milan,45.5,9.1,2,-1.0,-1.0,-1.0,-1.0,-1.0,2020,01,31,-1,-1,-1,-2.045177129812419
31,OMNO2,ColumnAmountNO2TropCloudScreened,milan,45.5,9.1,2,-1.0,-1.0,-1.0,-1.0,-1.0,2020,02,01,-1,-1,-1,-2.045177129812419
32,OMNO2,ColumnAmountNO2TropCloudScreened,milan,45.5,9.1,2,0.22805704176425934,0.12978079915046692,0.18782581388950348,0.13077424094080925,0.2995939254760742,2020,02,02,-1,-1,-1,0.30182600508737734
33,OMNO2,ColumnAmountNO2TropCloudScreened,milan,45.5,9.1,2,0.29584333300590515,0.1610397845506668,0.28035634756088257,0.15812809020280838,0.40252217650413513,2020,02,03,-1,-1,-1,0.43137588154817574
34,OMNO2,ColumnAmountNO2TropCloudScreened,milan,45.5,9.1,2,0.16692934930324554,0.07848840206861496,0.15519152581691742,0.1145448163151741,0.18626897037029266,2020,02,04,-1,-1,-1,0.18500172009400143
35,OMNO2,ColumnAmountNO2TropCloudScreened,milan,45.5,9.1,2,-1.0,-1.0,-1.0,-1.0,-1.0,2020,02,05,-1,-1,-1,-2.045177129812419
36,OMNO2,ColumnAmountNO2TropCloudScreened,milan,45.5,9.1,2,0.3138469457626343,0.12936602532863617,0.32738545536994934,0.22328037023544312,0.3952900469303131,2020,02,06,-1,-1,-1,0.46578351420900166
37,OMNO2,ColumnAmountNO2TropCloudScreened,milan,45.5,9.1,2,-1.0,-1.0,-1.0,-1.0,-1.0,2020,02,07,-1,-1,-1,-2.045177129812419
38,OMNO2,ColumnAmountNO2TropCloudScreened,milan,45.5,9.1,2,0.5232447385787964,0.2524918019771576,0.6012825518846512,0.23514527827501297,0.7513932436704636,2020,02,08,-1,-1,-1,0.8659744332518092
39,OMNO2,ColumnAmountNO2TropCloudScreened,milan,45.5,9.1,2,-1.0,-1.0,-1.0,-1.0,-1.0,2020,02,09,-1,-1,-1,-2.045177129812419
40,OMNO2,ColumnAmountNO2TropCloudScreened,milan,45.5,9.1,2,0.07781043648719788,0.014757910743355751,0.07907893508672714,0.0634402809664607,0.08648365922272205,2020,02,10,-1,-1,-1,0.014681970567027278
41,OMNO2,ColumnAmountNO2TropCloudScreened,milan,45.5,9.1,2,0.1154087707400322,0.04841525852680206,0.10829100757837296,0.07586698979139328,0.13562797009944916,2020,02,11,-1,-1,-1,0.08653808584294288
42,OMNO2,ColumnAmountNO2TropCloudScreened,milan,45.5,9.1,2,0.16943107545375824,0.06446437537670135,0.18004115670919418,0.10406026616692543,0.22532080858945847,2020,02,12,-1,-1,-1,0.18978289793691241
43,OMNO2,ColumnAmountNO2TropCloudScreened,milan,45.5,9.1,2,0.506037712097168,0.2161913812160492,0.5218923687934875,0.35183045268058777,0.6712855100631714,2020,02,13,-1,-1,-1,0.8330891976957575
44,OMNO2,ColumnAmountNO2TropCloudScreened,milan,45.5,9.1,2,-1.0,-1.0,-1.0,-1.0,-1.0,2020,02,14,-1,-1,-1,-2.045177129812419
45,OMNO2,ColumnAmountNO2TropCloudScreened,milan,45.5,9.1,2,0.49127450585365295,0.22476129233837128,0.5278690457344055,0.3000626191496849,0.6720873713493347,2020,02,15,-1,-1,-1,0.8048744730076243
46,OMNO2,ColumnAmountNO2TropCloudScreened,milan,45.5,9.1,2,-1.0,-1.0,-1.0,-1.0,-1.0,2020,02,16,-1,-1,-1,-2.045177129812419
47,OMNO2,ColumnAmountNO2TropCloudScreened,milan,45.5,9.1,2,-1.0,-1.0,-1.0,-1.0,-1.0,2020,02,17,-1,-1,-1,-2.045177129812419
48,OMNO2,ColumnAmountNO2TropCloudScreened,milan,45.5,9.1,2,0.23236636817455292,0.17496885359287262,0.15375100076198578,0.09462748281657696,0.36505910009145737,2020,02,18,-1,-1,-1,0.3100617809921639
49,OMNO2,ColumnAmountNO2TropCloudScreened,milan,45.5,9.1,2,0.19404402375221252,0.05095286667346954,0.19467230141162872,0.16263072937726974,0.24227869510650635,2020,02,19,-1,-1,-1,0.23682197254912235
50,OMNO2,ColumnAmountNO2TropCloudScreened,milan,45.5,9.1,2,0.3113531768321991,0.13700559735298157,0.3142254054546356,0.22419802844524384,0.3873486816883087,2020,02,20,-1,-1,-1,0.46101754381967947
51,OMNO2,ColumnAmountNO2TropCloudScreened,milan,45.5,9.1,2,-1.0,-1.0,-1.0,-1.0,-1.0,2020,02,21,-1,-1,-1,-2.045177129812419
52,OMNO2,ColumnAmountNO2TropCloudScreened,milan,45.5,9.1,2,0.3654702305793762,0.14901688694953918,0.3716144859790802,0.2558356523513794,0.4583304822444916,2020,02,22,-1,-1,-1,0.5644434356770278
53,OMNO2,ColumnAmountNO2TropCloudScreened,milan,45.5,9.1,2,-1.0,-1.0,-1.0,-1.0,-1.0,2020,02,23,-1,-1,-1,-2.045177129812419
54,OMNO2,ColumnAmountNO2TropCloudScreened,milan,45.5,9.1,2,0.23703594505786896,0.16513419151306152,0.2043774276971817,0.12224044650793076,0.2494671568274498,2020,02,24,-1,-1,-1,0.31898605015156195
55,OMNO2,ColumnAmountNO2TropCloudScreened,milan,45.5,9.1,2,-1.0,-1.0,-1.0,-1.0,-1.0,2020,02,25,-1,-1,-1,-2.045177129812419
56,OMNO2,ColumnAmountNO2TropCloudScreened,milan,45.5,9.1,2,0.13812348246574402,0.030902734026312828,0.1369708776473999,0.11836523562669754,0.14520253241062164,2020,02,26,-1,-1,-1,0.12994934266209038
57,OMNO2,ColumnAmountNO2TropCloudScreened,milan,45.5,9.1,2,0.2161659598350525,0.0808522179722786,0.2195473313331604,0.1433052122592926,0.27925262600183487,2020,02,27,-1,-1,-1,0.2791003452718489
58,OMNO2,ColumnAmountNO2TropCloudScreened,milan,45.5,9.1,2,0.13210099935531616,0.04367528483271599,0.13980650901794434,0.09905359894037247,0.16982831060886383,2020,02,28,-1,-1,-1,0.11843946465206827
59,OMNO2,ColumnAmountNO2TropCloudScreened,milan,45.5,9.1,2,-1.0,-1.0,-1.0,-1.0,-1.0,2020,02,29,-1,-1,-1,-2.045177129812419
60,OMNO2,ColumnAmountNO2TropCloudScreened,milan,45.5,9.1,2,-1.0,-1.0,-1.0,-1.0,-1.0,2020,03,01,-1,-1,-1,-2.045177129812419
61,OMNO2,ColumnAmountNO2TropCloudScreened,milan,45.5,9.1,2,-1.0,-1.0,-1.0,-1.0,-1.0,2020,03,02,-1,-1,-1,-2.045177129812419
62,OMNO2,ColumnAmountNO2TropCloudScreened,milan,45.5,9.1,2,-1.0,-1.0,-1.0,-1.0,-1.0,2020,03,03,-1,-1,-1,-2.045177129812419
63,OMNO2,ColumnAmountNO2TropCloudScreened,milan,45.5,9.1,2,0.18122023344039917,0.08752463012933731,0.17823722958564758,0.09773819148540497,0.24186702072620392,2020,03,04,-1,-1,-1,0.21231376565029236
64,OMNO2,ColumnAmountNO2TropCloudScreened,milan,45.5,9.1,2,-1.0,-1.0,-1.0,-1.0,-1.0,2020,03,05,-1,-1,-1,-2.045177129812419
65,OMNO2,ColumnAmountNO2TropCloudScreened,milan,45.5,9.1,2,-1.0,-1.0,-1.0,-1.0,-1.0,2020,03,06,-1,-1,-1,-2.045177129812419
66,OMNO2,ColumnAmountNO2TropCloudScreened,milan,45.5,9.1,2,0.1609254777431488,0.10345146805047989,0.13041896373033524,0.08753513172268867,0.2116018943488598,2020,03,07,-1,-1,-1,0.1735274115774857
67,OMNO2,ColumnAmountNO2TropCloudScreened,milan,45.5,9.1,2,-1.0,-1.0,-1.0,-1.0,-1.0,2020,03,08,-1,-1,-1,-2.045177129812419
68,OMNO2,ColumnAmountNO2TropCloudScreened,milan,45.5,9.1,2,-1.0,-1.0,-1.0,-1.0,-1.0,2020,03,09,-1,-1,-1,-2.045177129812419
69,OMNO2,ColumnAmountNO2TropCloudScreened,milan,45.5,9.1,2,-1.0,-1.0,-1.0,-1.0,-1.0,2020,03,10,-1,-1,-1,-2.045177129812419
70,OMNO2,ColumnAmountNO2TropCloudScreened,milan,45.5,9.1,2,0.14986421167850494,0.08858043700456619,0.12233105301856995,0.08513538539409637,0.19603770971298218,2020,03,11,-1,-1,-1,0.15238765564857226
71,OMNO2,ColumnAmountNO2TropCloudScreened,milan,45.5,9.1,2,-1.0,-1.0,-1.0,-1.0,-1.0,2020,03,12,-1,-1,-1,-2.045177129812419
72,OMNO2,ColumnAmountNO2TropCloudScreened,milan,45.5,9.1,2,0.077333465218544,0.012620020657777786,0.0738481879234314,0.06514246761798859,0.09118906408548355,2020,03,13,-1,-1,-1,0.013770406181402708
73,OMNO2,ColumnAmountNO2TropCloudScreened,milan,45.5,9.1,2,-1.0,-1.0,-1.0,-1.0,-1.0,2020,03,14,-1,-1,-1,-2.045177129812419
74,OMNO2,ColumnAmountNO2TropCloudScreened,milan,45.5,9.1,2,0.09798912703990936,0.01939697377383709,0.09705241397023201,0.08944227546453476,0.11033644527196884,2020,03,15,-1,-1,-1,0.053246506557431204
75,OMNO2,ColumnAmountNO2TropCloudScreened,milan,45.5,9.1,2,0.2056022435426712,0.12048331648111343,0.19508513808250427,0.08728792518377304,0.28551076352596283,2020,03,16,-1,-1,-1,0.25891148236789735
76,OMNO2,ColumnAmountNO2TropCloudScreened,milan,45.5,9.1,2,-1.0,-1.0,-1.0,-1.0,-1.0,2020,03,17,-1,-1,-1,-2.045177129812419
77,OMNO2,ColumnAmountNO2TropCloudScreened,milan,45.5,9.1,2,0.16057971119880676,0.04978257417678833,0.17095991969108582,0.1291403602808714,0.2016291581094265,2020,03,18,-1,-1,-1,0.17286659930581108
78,OMNO2,ColumnAmountNO2TropCloudScreened,milan,45.5,9.1,2,-1.0,-1.0,-1.0,-1.0,-1.0,2020,03,19,-1,-1,-1,-2.045177129812419
79,OMNO2,ColumnAmountNO2TropCloudScreened,milan,45.5,9.1,2,-1.0,-1.0,-1.0,-1.0,-1.0,2020,03,20,-1,-1,-1,-2.045177129812419
80,OMNO2,ColumnAmountNO2TropCloudScreened,milan,45.5,9.1,2,0.11088459938764572,0.049440838396549225,0.10787433385848999,0.07156291231513023,0.128653421998024,2020,03,21,-1,-1,-1,0.07789170869125907
81,OMNO2,ColumnAmountNO2TropCloudScreened,milan,45.5,9.1,2,-1.0,-1.0,-1.0,-1.0,-1.0,2020,03,22,-1,-1,-1,-2.045177129812419
82,OMNO2,ColumnAmountNO2TropCloudScreened,milan,45.5,9.1,2,0.1477399617433548,0.0889885276556015,0.12351761013269424,0.07904183119535446,0.17028532549738884,2020,03,23,-1,-1,-1,0.14832789206467098
83,OMNO2,ColumnAmountNO2TropCloudScreened,milan,45.5,9.1,2,-1.0,-1.0,-1.0,-1.0,-1.0,2020,03,24,-1,-1,-1,-2.045177129812419
84,OMNO2,ColumnAmountNO2TropCloudScreened,milan,45.5,9.1,2,-1.0,-1.0,-1.0,-1.0,-1.0,2020,03,25,-1,-1,-1,-2.045177129812419
85,OMNO2,ColumnAmountNO2TropCloudScreened,milan,45.5,9.1,2,-1.0,-1.0,-1.0,-1.0,-1.0,2020,03,26,-1,-1,-1,-2.045177129812419
86,OMNO2,ColumnAmountNO2TropCloudScreened,milan,45.5,9.1,2,-1.0,-1.0,-1.0,-1.0,-1.0,2020,03,27,-1,-1,-1,-2.045177129812419
87,OMNO2,ColumnAmountNO2TropCloudScreened,milan,45.5,9.1,2,-1.0,-1.0,-1.0,-1.0,-1.0,2020,03,28,-1,-1,-1,-2.045177129812419
88,OMNO2,ColumnAmountNO2TropCloudScreened,milan,45.5,9.1,2,0.10369591414928436,0.02314324490725994,0.10036858171224594,0.09195569157600403,0.11095530167222023,2020,03,29,-1,-1,-1,0.06415304166158803
89,OMNO2,ColumnAmountNO2TropCloudScreened,milan,45.5,9.1,2,-1.0,-1.0,-1.0,-1.0,-1.0,2020,03,30,-1,-1,-1,-2.045177129812419
90,OMNO2,ColumnAmountNO2TropCloudScreened,milan,45.5,9.1,2,-1.0,-1.0,-1.0,-1.0,-1.0,2020,03,31,-1,-1,-1,-2.045177129812419
91,OMNO2,ColumnAmountNO2TropCloudScreened,milan,45.5,9.1,2,0.17987874150276184,0.060332152992486954,0.18773046135902405,0.12898701429367065,0.21626145392656326,2020,04,01,-1,-1,-1,0.20974997123683872
92,OMNO2,ColumnAmountNO2TropCloudScreened,milan,45.5,9.1,2,-1.0,-1.0,-1.0,-1.0,-1.0,2020,04,02,-1,-1,-1,-2.045177129812419
93,OMNO2,ColumnAmountNO2TropCloudScreened,milan,45.5,9.1,2,0.16881680488586426,0.06388655304908752,0.16692352294921875,0.12153014540672302,0.20959514379501343,2020,04,03,-1,-1,-1,0.1886089337809375
94,OMNO2,ColumnAmountNO2TropCloudScreened,milan,45.5,9.1,2,-1.0,-1.0,-1.0,-1.0,-1.0,2020,04,04,-1,-1,-1,-2.045177129812419
95,OMNO2,ColumnAmountNO2TropCloudScreened,milan,45.5,9.1,2,0.08137276768684387,0.0180352870374918,0.08205095678567886,0.06899288669228554,0.09123818948864937,2020,04,05,-1,-1,-1,0.021490125407383192
96,OMNO2,ColumnAmountNO2TropCloudScreened,milan,45.5,9.1,2,0.11398761719465256,0.04976239800453186,0.10489044338464737,0.06970930844545364,0.15216349065303802,2020,04,06,-1,-1,-1,0.08382204602333632
97,OMNO2,ColumnAmountNO2TropCloudScreened,milan,45.5,9.1,2,0.09509299695491791,0.022801358252763748,0.09189534187316895,0.08040372096002102,0.1135068666189909,2020,04,07,-1,-1,-1,0.04771156301866245
98,OMNO2,ColumnAmountNO2TropCloudScreened,milan,45.5,9.1,2,0.1088782325387001,0.04486016929149628,0.08939044922590256,0.07676482945680618,0.14544789865612984,2020,04,08,-1,-1,-1,0.07405723755181641
99,OMNO2,ColumnAmountNO2TropCloudScreened,milan,45.5,9.1,2,-1.0,-1.0,-1.0,-1.0,-1.0,2020,04,09,-1,-1,-1,-2.045177129812419
100,OMNO2,ColumnAmountNO2TropCloudScreened,milan,45.5,9.1,2,0.11122472584247589,0.03576630353927612,0.1061779223382473,0.08308383263647556,0.1387934461236,2020,04,10,-1,-1,-1,0.07854174189704725
101,OMNO2,ColumnAmountNO2TropCloudScreened,milan,45.5,9.1,2,-1.0,-1.0,-1.0,-1.0,-1.0,2020,04,11,-1,-1,-1,-2.045177129812419
102,OMNO2,ColumnAmountNO2TropCloudScreened,milan,45.5,9.1,2,0.08340784907341003,0.0303297508507967,0.07599011063575745,0.05858534947037697,0.09732409194111824,2020,04,12,-1,-1,-1,0.025379474380282027
103,OMNO2,ColumnAmountNO2TropCloudScreened,milan,45.5,9.1,2,-1.0,-1.0,-1.0,-1.0,-1.0,2020,04,13,-1,-1,-1,-2.045177129812419
104,OMNO2,ColumnAmountNO2TropCloudScreened,milan,45.5,9.1,2,0.0701281726360321,0.011342765763401985,0.07244463264942169,0.06154163274914026,0.07776029594242573,2020,04,14,-1,-1,-1,0.0
105,OMNO2,ColumnAmountNO2TropCloudScreened,milan,45.5,9.1,2,0.09163190424442291,0.0321563258767128,0.08951182663440704,0.06200658716261387,0.11006355658173561,2020,04,15,-1,-1,-1,0.04109689027508973
106,OMNO2,ColumnAmountNO2TropCloudScreened,milan,45.5,9.1,2,0.12354429066181183,0.0227921511977911,0.12351512536406517,0.11416028626263142,0.13283660262823105,2020,04,16,-1,-1,-1,0.1020862974577922
107,OMNO2,ColumnAmountNO2TropCloudScreened,milan,45.5,9.1,2,0.14742247760295868,0.05037996172904968,0.15143513679504395,0.11276137456297874,0.16281284391880035,2020,04,17,-1,-1,-1,0.14772113175350485
108,OMNO2,ColumnAmountNO2TropCloudScreened,milan,45.5,9.1,2,-1.0,-1.0,-1.0,-1.0,-1.0,2020,04,18,-1,-1,-1,-2.045177129812419
109,OMNO2,ColumnAmountNO2TropCloudScreened,milan,45.5,9.1,2,0.17045271396636963,0.05490419641137123,0.164466992020607,0.15048964321613312,0.20774928480386734,2020,04,19,-1,-1,-1,0.19173540397717628
110,OMNO2,ColumnAmountNO2TropCloudScreened,milan,45.5,9.1,2,-1.0,-1.0,-1.0,-1.0,-1.0,2020,04,20,-1,-1,-1,-2.045177129812419
111,OMNO2,ColumnAmountNO2TropCloudScreened,milan,45.5,9.1,2,-1.0,-1.0,-1.0,-1.0,-1.0,2020,04,21,-1,-1,-1,-2.045177129812419
112,OMNO2,ColumnAmountNO2TropCloudScreened,milan,45.5,9.1,2,0.13196349143981934,0.05721516162157059,0.13764090836048126,0.07477730512619019,0.15944936871528625,2020,04,22,-1,-1,-1,0.1181766661844328
113,OMNO2,ColumnAmountNO2TropCloudScreened,milan,45.5,9.1,2,0.12042216211557388,0.03450511023402214,0.12577923387289047,0.09449508599936962,0.15309691801667213,2020,04,23,-1,-1,-1,0.0961194366065621
114,OMNO2,ColumnAmountNO2TropCloudScreened,milan,45.5,9.1,2,0.12013129889965057,0.06959200650453568,0.08865570276975632,0.0754090603441,0.14193665981292725,2020,04,24,-1,-1,-1,0.09556355291681239
115,OMNO2,ColumnAmountNO2TropCloudScreened,milan,45.5,9.1,2,-1.0,-1.0,-1.0,-1.0,-1.0,2020,04,25,-1,-1,-1,-2.045177129812419
116,OMNO2,ColumnAmountNO2TropCloudScreened,milan,45.5,9.1,2,0.12310303747653961,0.04607574641704559,0.12329919636249542,0.09118629805743694,0.15012560039758682,2020,04,26,-1,-1,-1,0.10124299574305214
117,OMNO2,ColumnAmountNO2TropCloudScreened,milan,45.5,9.1,2,-1.0,-1.0,-1.0,-1.0,-1.0,2020,04,27,-1,-1,-1,-2.045177129812419
118,OMNO2,ColumnAmountNO2TropCloudScreened,milan,45.5,9.1,2,-1.0,-1.0,-1.0,-1.0,-1.0,2020,04,28,-1,-1,-1,-2.045177129812419
119,OMNO2,ColumnAmountNO2TropCloudScreened,milan,45.5,9.1,2,-1.0,-1.0,-1.0,-1.0,-1.0,2020,04,29,-1,-1,-1,-2.045177129812419
120,OMNO2,ColumnAmountNO2TropCloudScreened,milan,45.5,9.1,2,-1.0,-1.0,-1.0,-1.0,-1.0,2020,04,30,-1,-1,-1,-2.045177129812419
121,OMNO2,ColumnAmountNO2TropCloudScreened,milan,45.5,9.1,2,-1.0,-1.0,-1.0,-1.0,-1.0,2020,05,01,-1,-1,-1,-2.045177129812419
122,OMNO2,ColumnAmountNO2TropCloudScreened,milan,45.5,9.1,2,0.08480391651391983,0.022843001410365105,0.08294941484928131,0.06838514655828476,0.0949973613023758,2020,05,02,-1,-1,-1,0.0280475708513554
123,OMNO2,ColumnAmountNO2TropCloudScreened,milan,45.5,9.1,2,0.07421470433473587,0.014441987499594688,0.0717235803604126,0.06228863075375557,0.08418199606239796,2020,05,03,-1,-1,-1,0.007809981443489216
124,OMNO2,ColumnAmountNO2TropCloudScreened,milan,45.5,9.1,2,-1.0,-1.0,-1.0,-1.0,-1.0,2020,05,04,-1,-1,-1,-2.045177129812419
125,OMNO2,ColumnAmountNO2TropCloudScreened,milan,45.5,9.1,2,0.12892980873584747,0.04423472285270691,0.12603618204593658,0.0990750752389431,0.15270277112722397,2020,05,05,-1,-1,-1,0.11237883874289607
126,OMNO2,ColumnAmountNO2TropCloudScreened,milan,45.5,9.1,2,-1.0,-1.0,-1.0,-1.0,-1.0,2020,05,06,-1,-1,-1,-2.045177129812419
127,OMNO2,ColumnAmountNO2TropCloudScreened,milan,45.5,9.1,2,0.1060958206653595,0.033523596823215485,0.11082850396633148,0.07568275928497314,0.13352401554584503,2020,05,07,-1,-1,-1,0.06873962675099304
128,OMNO2,ColumnAmountNO2TropCloudScreened,milan,45.5,9.1,2,0.11860691010951996,0.04753772169351578,0.12206610664725304,0.07512127794325352,0.1488173007965088,2020,05,08,-1,-1,-1,0.09265021489783667
129,OMNO2,ColumnAmountNO2TropCloudScreened,milan,45.5,9.1,2,0.08958876132965088,0.01684708334505558,0.09732431918382645,0.0876336395740509,0.0989028811454773,2020,05,09,-1,-1,-1,0.03719213449995956
130,OMNO2,ColumnAmountNO2TropCloudScreened,milan,45.5,9.1,2,0.144693985581398,0.11890742182731628,0.09801085293292999,0.08021871745586395,0.16177013516426086,2020,05,10,-1,-1,-1,0.1425065699616909
131,OMNO2,ColumnAmountNO2TropCloudScreened,milan,45.5,9.1,2,-1.0,-1.0,-1.0,-1.0,-1.0,2020,05,11,-1,-1,-1,-2.045177129812419
132,OMNO2,ColumnAmountNO2TropCloudScreened,milan,45.5,9.1,2,0.10642941296100616,0.062398094683885574,0.06598617136478424,0.059020884335041046,0.1207723617553711,2020,05,12,-1,-1,-1,0.06937717218824435
133,OMNO2,ColumnAmountNO2TropCloudScreened,milan,45.5,9.1,2,-1.0,-1.0,-1.0,-1.0,-1.0,2020,05,13,-1,-1,-1,-2.045177129812419
134,OMNO2,ColumnAmountNO2TropCloudScreened,milan,45.5,9.1,2,0.13876423239707947,0.04672626778483391,0.13563378155231476,0.1004505306482315,0.15948255360126495,2020,05,14,-1,-1,-1,0.1311739128948954
135,OMNO2,ColumnAmountNO2TropCloudScreened,milan,45.5,9.1,2,0.12891779839992523,0.04477076977491379,0.11469921842217445,0.10246974788606167,0.14459370076656342,2020,05,15,-1,-1,-1,0.11235588517062535
136,OMNO2,ColumnAmountNO2TropCloudScreened,milan,45.5,9.1,2,0.13223658502101898,0.009333141148090363,0.13022734224796295,0.13022734224796295,0.13022735342383385,2020,05,16,-1,-1,-1,0.11869858940900532
137,OMNO2,ColumnAmountNO2TropCloudScreened,milan,45.5,9.1,2,0.1199028417468071,0.08582545816898346,0.08188841491937637,0.06864934228360653,0.12598793394863605,2020,05,17,-1,-1,-1,0.09512693667206237
138,OMNO2,ColumnAmountNO2TropCloudScreened,milan,45.5,9.1,2,0.15126673877239227,0.052125196903944016,0.1479230672121048,0.1197386346757412,0.18895474076271057,2020,05,18,-1,-1,-1,0.15506809749629497
139,OMNO2,ColumnAmountNO2TropCloudScreened,milan,45.5,9.1,2,0.09867395460605621,0.042617250233888626,0.08697321265935898,0.066852867603302,0.12414664775133133,2020,05,19,-1,-1,-1,0.05455531583090223
140,OMNO2,ColumnAmountNO2TropCloudScreened,milan,45.5,9.1,2,-1.0,-1.0,-1.0,-1.0,-1.0,2020,05,20,-1,-1,-1,-2.045177129812419
141,OMNO2,ColumnAmountNO2TropCloudScreened,milan,45.5,9.1,2,0.09923332929611206,0.04312117025256157,0.0785074457526207,0.06873641535639763,0.13631170988082886,2020,05,21,-1,-1,-1,0.05562436564414103
142,OMNO2,ColumnAmountNO2TropCloudScreened,milan,45.5,9.1,2,-1.0,-1.0,-1.0,-1.0,-1.0,2020,05,22,-1,-1,-1,-2.045177129812419
143,OMNO2,ColumnAmountNO2TropCloudScreened,milan,45.5,9.1,2,0.14752717316150665,0.05949052795767784,0.14578188955783844,0.10078981891274452,0.18774322420358658,2020,05,23,-1,-1,-1,0.1479212208338697
144,OMNO2,ColumnAmountNO2TropCloudScreened,milan,45.5,9.1,2,0.09789885580539703,0.04545976594090462,0.07923078164458275,0.06258945353329182,0.12370027974247932,2020,05,24,-1,-1,-1,0.05307398454649323
145,OMNO2,ColumnAmountNO2TropCloudScreened,milan,45.5,9.1,2,0.10788460075855255,0.05207338556647301,0.09188558906316757,0.06579633243381977,0.1398543193936348,2020,05,25,-1,-1,-1,0.07215825662207712
146,OMNO2,ColumnAmountNO2TropCloudScreened,milan,45.5,9.1,2,0.13561363518238068,0.050052061676979065,0.1351589784026146,0.1022181585431099,0.15719245746731758,2020,05,26,-1,-1,-1,0.12515264410343802
147,OMNO2,ColumnAmountNO2TropCloudScreened,milan,45.5,9.1,2,-1.0,-1.0,-1.0,-1.0,-1.0,2020,05,27,-1,-1,-1,-2.045177129812419
148,OMNO2,ColumnAmountNO2TropCloudScreened,milan,45.5,9.1,2,0.1451129913330078,0.06454639136791229,0.1290341019630432,0.09157294034957886,0.1877342313528061,2020,05,28,-1,-1,-1,0.14330735345881288
149,OMNO2,ColumnAmountNO2TropCloudScreened,milan,45.5,9.1,2,-1.0,-1.0,-1.0,-1.0,-1.0,2020,05,29,-1,-1,-1,-2.045177129812419
150,OMNO2,ColumnAmountNO2TropCloudScreened,milan,45.5,9.1,2,0.1073344275355339,0.03628966212272644,0.10658340901136398,0.08098116517066956,0.11339279264211655,2020,05,30,-1,-1,-1,0.07110679220694895
151,OMNO2,ColumnAmountNO2TropCloudScreened,milan,45.5,9.1,2,0.082669697701931,0.024147765710949898,0.07404962182044983,0.06707162410020828,0.0915939211845398,2020,05,31,-1,-1,-1,0.023968755232901866
